agent_id,timestamp,latitude,longitude,label
ID_000,2025-12-19 20:18:32.335499,24.95137893807365,69.19355522371448,0
ID_000,2025-12-19 20:23:32.335499,24.953378938073648,69.19405522371449,0
ID_000,2025-12-19 20:28:32.335499,24.955378938073647,69.19455522371449,0
ID_000,2025-12-19 20:33:32.335499,24.957378938073646,69.19505522371449,0
ID_000,2025-12-19 20:38:32.335499,24.959378938073645,69.19555522371449,0
ID_000,2025-12-19 20:43:32.335499,24.961378938073643,69.1960552237145,0
ID_000,2025-12-19 20:48:32.335499,24.963378938073642,69.1965552237145,0
ID_000,2025-12-19 20:53:32.335499,24.96537893807364,69.1970552237145,0
ID_000,2025-12-19 20:58:32.335499,24.96737893807364,69.1975552237145,0
ID_000,2025-12-19 21:03:32.335499,24.96937893807364,69.1980552237145,0
ID_000,2025-12-19 21:08:32.335499,24.971378938073638,69.19855522371451,0
ID_000,2025-12-19 21:13:32.335499,24.973378938073637,69.19905522371451,0
ID_000,2025-12-19 21:18:32.335499,24.975378938073636,69.19955522371451,0
ID_000,2025-12-19 21:23:32.335499,24.977378938073635,69.20005522371451,0
ID_000,2025-12-19 21:28:32.335499,24.979378938073634,69.20055522371452,0
ID_000,2025-12-19 21:33:32.335499,24.981378938073632,69.20105522371452,0
ID_000,2025-12-19 21:38:32.335499,24.98337893807363,69.20155522371452,0
ID_000,2025-12-19 21:43:32.335499,24.98537893807363,69.20205522371452,0
ID_000,2025-12-19 21:48:32.335499,24.98737893807363,69.20255522371453,0
ID_000,2025-12-19 21:53:32.335499,24.989378938073628,69.20305522371453,0
ID_000,2025-12-19 21:58:32.335499,24.991378938073627,69.20355522371453,0
ID_000,2025-12-19 22:03:32.335499,24.993378938073626,69.20405522371453,0
ID_000,2025-12-19 22:08:32.335499,24.995378938073625,69.20455522371454,0
ID_000,2025-12-19 22:13:32.335499,24.997378938073624,69.20505522371454,0
ID_000,2025-12-19 22:18:32.335499,24.999378938073622,69.20555522371454,0
ID_000,2025-12-19 22:23:32.335499,25.00137893807362,69.20605522371454,0
ID_000,2025-12-19 22:28:32.335499,25.00337893807362,69.20655522371455,0
ID_000,2025-12-19 22:33:32.335499,25.00537893807362,69.20705522371455,0
ID_000,2025-12-19 22:38:32.335499,25.007378938073618,69.20755522371455,0
ID_000,2025-12-19 22:43:32.335499,25.009378938073617,69.20805522371455,0
ID_000,2025-12-19 22:48:32.335499,25.011378938073616,69.20855522371455,0
ID_000,2025-12-19 22:53:32.335499,25.013378938073615,69.20905522371456,0
ID_000,2025-12-19 22:58:32.335499,25.015378938073614,69.20955522371456,0
ID_000,2025-12-19 23:03:32.335499,25.017378938073612,69.21005522371456,0
ID_000,2025-12-19 23:08:32.335499,25.01937893807361,69.21055522371456,0
ID_000,2025-12-19 23:13:32.335499,25.02137893807361,69.21105522371457,0
ID_000,2025-12-19 23:18:32.335499,25.02337893807361,69.21155522371457,0
ID_000,2025-12-19 23:23:32.335499,25.025378938073608,69.21205522371457,0
ID_000,2025-12-19 23:28:32.335499,25.027378938073607,69.21255522371457,0
ID_000,2025-12-19 23:33:32.335499,25.029378938073606,69.21305522371458,0
ID_001,2025-12-19 20:18:32.335644,25.32951213973627,69.26146003640817,0
ID_001,2025-12-19 20:23:32.335644,25.33151213973627,69.26196003640817,0
ID_001,2025-12-19 20:28:32.335644,25.333512139736268,69.26246003640817,0
ID_001,2025-12-19 20:33:32.335644,25.335512139736267,69.26296003640817,0
ID_001,2025-12-19 20:38:32.335644,25.337512139736265,69.26346003640818,0
ID_001,2025-12-19 20:43:32.335644,25.339512139736264,69.26396003640818,0
ID_001,2025-12-19 20:48:32.335644,25.341512139736263,69.26446003640818,0
ID_001,2025-12-19 20:53:32.335644,25.343512139736262,69.26496003640818,0
ID_001,2025-12-19 20:58:32.335644,25.34551213973626,69.26546003640819,0
ID_001,2025-12-19 21:03:32.335644,25.34751213973626,69.26596003640819,0
ID_001,2025-12-19 21:08:32.335644,25.34951213973626,69.26646003640819,0
ID_001,2025-12-19 21:13:32.335644,25.351512139736258,69.2669600364082,0
ID_001,2025-12-19 21:18:32.335644,25.353512139736257,69.2674600364082,0
ID_001,2025-12-19 21:23:32.335644,25.355512139736256,69.2679600364082,0
ID_001,2025-12-19 21:28:32.335644,25.357512139736254,69.2684600364082,0
ID_001,2025-12-19 21:33:32.335644,25.359512139736253,69.2689600364082,0
ID_001,2025-12-19 21:38:32.335644,25.361512139736252,69.2694600364082,0
ID_001,2025-12-19 21:43:32.335644,25.36351213973625,69.26996003640821,0
ID_001,2025-12-19 21:48:32.335644,25.36551213973625,69.27046003640821,0
ID_001,2025-12-19 21:53:32.335644,25.36751213973625,69.27096003640821,0
ID_001,2025-12-19 21:58:32.335644,25.369512139736248,69.27146003640821,0
ID_001,2025-12-19 22:03:32.335644,25.371512139736247,69.27196003640822,0
ID_001,2025-12-19 22:08:32.335644,25.373512139736246,69.27246003640822,0
ID_001,2025-12-19 22:13:32.335644,25.375512139736244,69.27296003640822,0
ID_001,2025-12-19 22:18:32.335644,25.377512139736243,69.27346003640822,0
ID_001,2025-12-19 22:23:32.335644,25.379512139736242,69.27396003640823,0
ID_001,2025-12-19 22:28:32.335644,25.38151213973624,69.27446003640823,0
ID_001,2025-12-19 22:33:32.335644,25.38351213973624,69.27496003640823,0
ID_001,2025-12-19 22:38:32.335644,25.38551213973624,69.27546003640823,0
ID_001,2025-12-19 22:43:32.335644,25.387512139736238,69.27596003640824,0
ID_001,2025-12-19 22:48:32.335644,25.389512139736237,69.27646003640824,0
ID_001,2025-12-19 22:53:32.335644,25.391512139736236,69.27696003640824,0
ID_001,2025-12-19 22:58:32.335644,25.393512139736234,69.27746003640824,0
ID_001,2025-12-19 23:03:32.335644,25.395512139736233,69.27796003640825,0
ID_001,2025-12-19 23:08:32.335644,25.397512139736232,69.27846003640825,0
ID_001,2025-12-19 23:13:32.335644,25.39951213973623,69.27896003640825,0
ID_001,2025-12-19 23:18:32.335644,25.40151213973623,69.27946003640825,0
ID_001,2025-12-19 23:23:32.335644,25.40351213973623,69.27996003640826,0
ID_001,2025-12-19 23:28:32.335644,25.405512139736228,69.28046003640826,0
ID_001,2025-12-19 23:33:32.335644,25.407512139736227,69.28096003640826,0
ID_002,2025-12-19 20:18:32.335746,25.071216449340433,69.03594162604217,0
ID_002,2025-12-19 20:23:32.335746,25.073216449340432,69.03644162604218,0
ID_002,2025-12-19 20:28:32.335746,25.07521644934043,69.03694162604218,0
ID_002,2025-12-19 20:33:32.335746,25.07721644934043,69.03744162604218,0
ID_002,2025-12-19 20:38:32.335746,25.07921644934043,69.03794162604218,0
ID_002,2025-12-19 20:43:32.335746,25.081216449340427,69.03844162604219,0
ID_002,2025-12-19 20:48:32.335746,25.083216449340426,69.03894162604219,0
ID_002,2025-12-19 20:53:32.335746,25.085216449340425,69.03944162604219,0
ID_002,2025-12-19 20:58:32.335746,25.087216449340424,69.0399416260422,0
ID_002,2025-12-19 21:03:32.335746,25.089216449340423,69.0404416260422,0
ID_002,2025-12-19 21:08:32.335746,25.091216449340422,69.0409416260422,0
ID_002,2025-12-19 21:13:32.335746,25.09321644934042,69.0414416260422,0
ID_002,2025-12-19 21:18:32.335746,25.09521644934042,69.0419416260422,0
ID_002,2025-12-19 21:23:32.335746,25.09721644934042,69.0424416260422,0
ID_002,2025-12-19 21:28:32.335746,25.099216449340418,69.04294162604221,0
ID_002,2025-12-19 21:33:32.335746,25.101216449340416,69.04344162604221,0
ID_002,2025-12-19 21:38:32.335746,25.103216449340415,69.04394162604221,0
ID_002,2025-12-19 21:43:32.335746,25.105216449340414,69.04444162604221,0
ID_002,2025-12-19 21:48:32.335746,25.107216449340413,69.04494162604222,0
ID_002,2025-12-19 21:53:32.335746,25.109216449340412,69.04544162604222,0
ID_002,2025-12-19 21:58:32.335746,25.11121644934041,69.04594162604222,0
ID_002,2025-12-19 22:03:32.335746,25.11321644934041,69.04644162604222,0
ID_002,2025-12-19 22:08:32.335746,25.11521644934041,69.04694162604223,0
ID_002,2025-12-19 22:13:32.335746,25.117216449340408,69.04744162604223,0
ID_002,2025-12-19 22:18:32.335746,25.119216449340406,69.04794162604223,0
ID_002,2025-12-19 22:23:32.335746,25.121216449340405,69.04844162604223,0
ID_002,2025-12-19 22:28:32.335746,25.123216449340404,69.04894162604224,0
ID_002,2025-12-19 22:33:32.335746,25.125216449340403,69.04944162604224,0
ID_002,2025-12-19 22:38:32.335746,25.127216449340402,69.04994162604224,0
ID_002,2025-12-19 22:43:32.335746,25.1292164493404,69.05044162604224,0
ID_002,2025-12-19 22:48:32.335746,25.1312164493404,69.05094162604225,0
ID_002,2025-12-19 22:53:32.335746,25.1332164493404,69.05144162604225,0
ID_002,2025-12-19 22:58:32.335746,25.135216449340398,69.05194162604225,0
ID_002,2025-12-19 23:03:32.335746,25.137216449340396,69.05244162604225,0
ID_002,2025-12-19 23:08:32.335746,25.139216449340395,69.05294162604226,0
ID_002,2025-12-19 23:13:32.335746,25.141216449340394,69.05344162604226,0
ID_002,2025-12-19 23:18:32.335746,25.143216449340393,69.05394162604226,0
ID_002,2025-12-19 23:23:32.335746,25.145216449340392,69.05444162604226,0
ID_002,2025-12-19 23:28:32.335746,25.14721644934039,69.05494162604226,0
ID_002,2025-12-19 23:33:32.335746,25.14921644934039,69.05544162604227,0
ID_003,2025-12-19 20:18:32.335915,25.892584751085273,69.08253187372163,1
ID_003,2025-12-19 20:23:32.335915,25.88849201940872,69.08296032535677,1
ID_003,2025-12-19 20:28:32.335915,25.889527113427,69.08698897118323,1
ID_003,2025-12-19 20:33:32.335915,25.89331857911021,69.08960675585718,1
ID_003,2025-12-19 20:38:32.335915,25.896076028502343,69.09698110690964,1
ID_003,2025-12-19 20:43:32.335915,25.89398587983829,69.10019094346445,1
ID_003,2025-12-19 20:48:32.335915,25.894413387370648,69.10227097405941,1
ID_003,2025-12-19 20:53:32.335915,25.89535510390319,69.10691065287573,1
ID_003,2025-12-19 20:58:32.335915,25.893392573507754,69.11194677913655,1
ID_003,2025-12-19 21:03:32.335915,25.895228955473907,69.11861594951985,1
ID_003,2025-12-19 21:08:32.335915,25.90001154355541,69.12547608265734,1
ID_003,2025-12-19 21:13:32.335915,25.90420727006886,69.13527894355538,1
ID_003,2025-12-19 21:18:32.335915,25.90113836986616,69.14125119015881,1
ID_003,2025-12-19 21:23:32.335915,25.89880161348149,69.14887447262876,1
ID_003,2025-12-19 21:28:32.335915,25.894086380769895,69.1541434178616,1
ID_003,2025-12-19 21:33:32.335915,25.889462484601523,69.15468395099386,1
ID_003,2025-12-19 21:38:32.335915,25.888264203438712,69.16111178273204,1
ID_003,2025-12-19 21:43:32.335915,25.892180471575948,69.16824400095558,1
ID_003,2025-12-19 21:48:32.335915,25.896763574868743,69.17513867626212,1
ID_003,2025-12-19 21:53:32.335915,25.895455011259216,69.18058709750358,1
ID_003,2025-12-19 21:58:32.335915,25.891084289786065,69.18663152851164,1
ID_003,2025-12-19 22:03:32.335915,25.8861697876424,69.18796447579746,1
ID_003,2025-12-19 22:08:32.335915,25.882520383126213,69.1961436848859,1
ID_003,2025-12-19 22:13:32.335915,25.885293430920928,69.20407841116908,1
ID_003,2025-12-19 22:18:32.335915,25.885738111555877,69.20334467322274,1
ID_003,2025-12-19 22:23:32.335915,25.89002461664538,69.20989900851647,1
ID_003,2025-12-19 22:28:32.335915,25.893549936205257,69.21304181598738,1
ID_003,2025-12-19 22:33:32.335915,25.895280772036536,69.21610096061286,1
ID_003,2025-12-19 22:38:32.335915,25.89839560366452,69.21504437593978,1
ID_003,2025-12-19 22:43:32.335915,25.894632140150907,69.21576437914224,1
ID_003,2025-12-19 22:48:32.335915,25.898208840896913,69.22423461930008,1
ID_003,2025-12-19 22:53:32.335915,25.893503013904066,69.22996010930433,1
ID_003,2025-12-19 22:58:32.335915,25.896217269324143,69.23260026009338,1
ID_003,2025-12-19 23:03:32.335915,25.900082245863214,69.24207533346389,1
ID_003,2025-12-19 23:08:32.335915,25.90468396590776,69.24751511531207,1
ID_003,2025-12-19 23:13:32.335915,25.902365040316152,69.24744923934955,1
ID_003,2025-12-19 23:18:32.335915,25.90265068960517,69.24938771161567,1
ID_003,2025-12-19 23:23:32.335915,25.89771599360511,69.25598979063899,1
ID_003,2025-12-19 23:28:32.335915,25.896481672924956,69.26591741438351,1
ID_003,2025-12-19 23:33:32.335915,25.895952565980632,69.2682177815411,1
ID_004,2025-12-19 20:18:32.336362,24.586203881360436,69.49872656252434,0
ID_004,2025-12-19 20:23:32.336362,24.588203881360435,69.49922656252434,0
ID_004,2025-12-19 20:28:32.336362,24.590203881360434,69.49972656252434,0
ID_004,2025-12-19 20:33:32.336362,24.592203881360433,69.50022656252435,0
ID_004,2025-12-19 20:38:32.336362,24.594203881360432,69.50072656252435,0
ID_004,2025-12-19 20:43:32.336362,24.59620388136043,69.50122656252435,0
ID_004,2025-12-19 20:48:32.336362,24.59820388136043,69.50172656252435,0
ID_004,2025-12-19 20:53:32.336362,24.60020388136043,69.50222656252436,0
ID_004,2025-12-19 20:58:32.336362,24.602203881360428,69.50272656252436,0
ID_004,2025-12-19 21:03:32.336362,24.604203881360426,69.50322656252436,0
ID_004,2025-12-19 21:08:32.336362,24.606203881360425,69.50372656252436,0
ID_004,2025-12-19 21:13:32.336362,24.608203881360424,69.50422656252437,0
ID_004,2025-12-19 21:18:32.336362,24.610203881360423,69.50472656252437,0
ID_004,2025-12-19 21:23:32.336362,24.612203881360422,69.50522656252437,0
ID_004,2025-12-19 21:28:32.336362,24.61420388136042,69.50572656252437,0
ID_004,2025-12-19 21:33:32.336362,24.61620388136042,69.50622656252438,0
ID_004,2025-12-19 21:38:32.336362,24.61820388136042,69.50672656252438,0
ID_004,2025-12-19 21:43:32.336362,24.620203881360418,69.50722656252438,0
ID_004,2025-12-19 21:48:32.336362,24.622203881360416,69.50772656252438,0
ID_004,2025-12-19 21:53:32.336362,24.624203881360415,69.50822656252438,0
ID_004,2025-12-19 21:58:32.336362,24.626203881360414,69.50872656252439,0
ID_004,2025-12-19 22:03:32.336362,24.628203881360413,69.50922656252439,0
ID_004,2025-12-19 22:08:32.336362,24.630203881360412,69.50972656252439,0
ID_004,2025-12-19 22:13:32.336362,24.63220388136041,69.5102265625244,0
ID_004,2025-12-19 22:18:32.336362,24.63420388136041,69.5107265625244,0
ID_004,2025-12-19 22:23:32.336362,24.63620388136041,69.5112265625244,0
ID_004,2025-12-19 22:28:32.336362,24.638203881360408,69.5117265625244,0
ID_004,2025-12-19 22:33:32.336362,24.640203881360407,69.5122265625244,0
ID_004,2025-12-19 22:38:32.336362,24.642203881360405,69.5127265625244,0
ID_004,2025-12-19 22:43:32.336362,24.644203881360404,69.51322656252441,0
ID_004,2025-12-19 22:48:32.336362,24.646203881360403,69.51372656252441,0
ID_004,2025-12-19 22:53:32.336362,24.648203881360402,69.51422656252441,0
ID_004,2025-12-19 22:58:32.336362,24.6502038813604,69.51472656252442,0
ID_004,2025-12-19 23:03:32.336362,24.6522038813604,69.51522656252442,0
ID_004,2025-12-19 23:08:32.336362,24.6542038813604,69.51572656252442,0
ID_004,2025-12-19 23:13:32.336362,24.656203881360398,69.51622656252442,0
ID_004,2025-12-19 23:18:32.336362,24.658203881360397,69.51672656252443,0
ID_004,2025-12-19 23:23:32.336362,24.660203881360395,69.51722656252443,0
ID_004,2025-12-19 23:28:32.336362,24.662203881360394,69.51772656252443,0
ID_004,2025-12-19 23:33:32.336362,24.664203881360393,69.51822656252443,0
ID_005,2025-12-19 20:18:32.336457,24.294973187735167,69.36578622332473,1
ID_005,2025-12-19 20:23:32.336457,24.294651178256576,69.36484870005474,1
ID_005,2025-12-19 20:28:32.336457,24.290234915833604,69.37032200760227,1
ID_005,2025-12-19 20:33:32.336457,24.295194632612954,69.37197145188476,1
ID_005,2025-12-19 20:38:32.336457,24.29539168606031,69.37578054796741,1
ID_005,2025-12-19 20:43:32.336457,24.296453508104545,69.38157156036576,1
ID_005,2025-12-19 20:48:32.336457,24.297810102815358,69.38931463267393,1
ID_005,2025-12-19 20:53:32.336457,24.294964992819956,69.39500918517848,1
ID_005,2025-12-19 20:58:32.336457,24.298471314709122,69.39404385623803,1
ID_005,2025-12-19 21:03:32.336457,24.29902472172432,69.3935332918078,1
ID_005,2025-12-19 21:08:32.336457,24.29848987591528,69.39288210241943,1
ID_005,2025-12-19 21:13:32.336457,24.293946729685857,69.39813882365455,1
ID_005,2025-12-19 21:18:32.336457,24.297163323081637,69.39705439485111,1
ID_005,2025-12-19 21:23:32.336457,24.29846309616905,69.40163462227106,1
ID_005,2025-12-19 21:28:32.336457,24.300954844171265,69.40338749155205,1
ID_005,2025-12-19 21:33:32.336457,24.302585092208215,69.4037918473398,1
ID_005,2025-12-19 21:38:32.336457,24.297911865790876,69.40459561834555,1
ID_005,2025-12-19 21:43:32.336457,24.300953691043073,69.40466687680953,1
ID_005,2025-12-19 21:48:32.336457,24.29730172446819,69.41039044458212,1
ID_005,2025-12-19 21:53:32.336457,24.297490472068578,69.41618593025386,1
ID_005,2025-12-19 21:58:32.336457,24.29936089895782,69.4186667387867,1
ID_005,2025-12-19 22:03:32.336457,24.29530499398851,69.41851635519654,1
ID_005,2025-12-19 22:08:32.336457,24.296549257137908,69.42394736596998,1
ID_005,2025-12-19 22:13:32.336457,24.29688187116667,69.42300184127114,1
ID_005,2025-12-19 22:18:32.336457,24.298801718930807,69.42169902874865,1
ID_005,2025-12-19 22:23:32.336457,24.30333219683093,69.42572254739552,1
ID_005,2025-12-19 22:28:32.336457,24.30635759554558,69.43257442809815,1
ID_005,2025-12-19 22:33:32.336457,24.307901750151302,69.43890791946039,1
ID_005,2025-12-19 22:38:32.336457,24.310866848388812,69.44128561682295,1
ID_005,2025-12-19 22:43:32.336457,24.31295633318038,69.44181726270348,1
ID_005,2025-12-19 22:48:32.336457,24.31087556761577,69.44834656027123,1
ID_005,2025-12-19 22:53:32.336457,24.306995310014305,69.44839560539523,1
ID_005,2025-12-19 22:58:32.336457,24.307095509950845,69.45156269399506,1
ID_005,2025-12-19 23:03:32.336457,24.302219429503452,69.451174812014,1
ID_005,2025-12-19 23:08:32.336457,24.297522731901097,69.4610669984337,1
ID_005,2025-12-19 23:13:32.336457,24.300299316328964,69.46743844957261,1
ID_005,2025-12-19 23:18:32.336457,24.296223022354386,69.47258970783966,1
ID_005,2025-12-19 23:23:32.336457,24.299982022897414,69.47352411462384,1
ID_005,2025-12-19 23:28:32.336457,24.30151283046194,69.4816662779667,1
ID_005,2025-12-19 23:33:32.336457,24.300506384520695,69.49090225915903,1
ID_006,2025-12-19 20:18:32.336911,25.75278130331169,69.20260300219557,1
ID_006,2025-12-19 20:23:32.336911,25.75359480504875,69.20975613372697,1
ID_006,2025-12-19 20:28:32.336911,25.757430748509794,69.21626111885757,1
ID_006,2025-12-19 20:33:32.336911,25.75659279843706,69.2251505877252,1
ID_006,2025-12-19 20:38:32.336911,25.75747757925376,69.22481588779101,1
ID_006,2025-12-19 20:43:32.336911,25.75958318753949,69.23124827231055,1
ID_006,2025-12-19 20:48:32.336911,25.758169671320427,69.231647012045,1
ID_006,2025-12-19 20:53:32.336911,25.76116616923405,69.23262771279289,1
ID_006,2025-12-19 20:58:32.336911,25.76005751006629,69.24262265011157,1
ID_006,2025-12-19 21:03:32.336911,25.761518919557577,69.24901363159077,1
ID_006,2025-12-19 21:08:32.336911,25.76259026797563,69.25499225192341,1
ID_006,2025-12-19 21:13:32.336911,25.7600495555224,69.25742656119638,1
ID_006,2025-12-19 21:18:32.336911,25.756462684603097,69.26011139353587,1
ID_006,2025-12-19 21:23:32.336911,25.753044511343163,69.2600216286454,1
ID_006,2025-12-19 21:28:32.336911,25.75192982580871,69.26091782232169,1
ID_006,2025-12-19 21:33:32.336911,25.755305227624394,69.26457543525382,1
ID_006,2025-12-19 21:38:32.336911,25.754883706644577,69.26507712221441,1
ID_006,2025-12-19 21:43:32.336911,25.750243675970093,69.26329886430212,1
ID_006,2025-12-19 21:48:32.336911,25.748854629083755,69.2687634242653,1
ID_006,2025-12-19 21:53:32.336911,25.751817677057925,69.26853134753067,1
ID_006,2025-12-19 21:58:32.336911,25.756651598146963,69.27099919352791,1
ID_006,2025-12-19 22:03:32.336911,25.7538513807833,69.2806403522354,1
ID_006,2025-12-19 22:08:32.336911,25.754135702436873,69.28829646801286,1
ID_006,2025-12-19 22:13:32.336911,25.751841237955844,69.29057779592546,1
ID_006,2025-12-19 22:18:32.336911,25.747588626545948,69.29777198440205,1
ID_006,2025-12-19 22:23:32.336911,25.74724681648852,69.30534718121683,1
ID_006,2025-12-19 22:28:32.336911,25.750041016559006,69.30376302950053,1
ID_006,2025-12-19 22:33:32.336911,25.751365874765106,69.30284063096511,1
ID_006,2025-12-19 22:38:32.336911,25.74752085786037,69.30669671631023,1
ID_006,2025-12-19 22:43:32.336911,25.742677289751885,69.3156005515705,1
ID_006,2025-12-19 22:48:32.336911,25.743675050274284,69.3181658667485,1
ID_006,2025-12-19 22:53:32.336911,25.740591130898906,69.32167019192919,1
ID_006,2025-12-19 22:58:32.336911,25.74312213320827,69.32484112336898,1
ID_006,2025-12-19 23:03:32.336911,25.742796130822825,69.32435744969976,1
ID_006,2025-12-19 23:08:32.336911,25.740717220490833,69.32898185618849,1
ID_006,2025-12-19 23:13:32.336911,25.738294648327255,69.33172255880953,1
ID_006,2025-12-19 23:18:32.336911,25.740594938311876,69.33890004086827,1
ID_006,2025-12-19 23:23:32.336911,25.743884151317058,69.34691334632804,1
ID_006,2025-12-19 23:28:32.336911,25.741967389592226,69.35108096955263,1
ID_006,2025-12-19 23:33:32.336911,25.74588304901751,69.35454459601998,1
ID_007,2025-12-19 20:18:32.337343,24.364354816568135,69.18251007563177,0
ID_007,2025-12-19 20:23:32.337343,24.366354816568133,69.18301007563177,0
ID_007,2025-12-19 20:28:32.337343,24.368354816568132,69.18351007563177,0
ID_007,2025-12-19 20:33:32.337343,24.37035481656813,69.18401007563178,0
ID_007,2025-12-19 20:38:32.337343,24.37235481656813,69.18451007563178,0
ID_007,2025-12-19 20:43:32.337343,24.37435481656813,69.18501007563178,0
ID_007,2025-12-19 20:48:32.337343,24.376354816568128,69.18551007563178,0
ID_007,2025-12-19 20:53:32.337343,24.378354816568127,69.18601007563178,0
ID_007,2025-12-19 20:58:32.337343,24.380354816568126,69.18651007563179,0
ID_007,2025-12-19 21:03:32.337343,24.382354816568125,69.18701007563179,0
ID_007,2025-12-19 21:08:32.337343,24.384354816568123,69.18751007563179,0
ID_007,2025-12-19 21:13:32.337343,24.386354816568122,69.1880100756318,0
ID_007,2025-12-19 21:18:32.337343,24.38835481656812,69.1885100756318,0
ID_007,2025-12-19 21:23:32.337343,24.39035481656812,69.1890100756318,0
ID_007,2025-12-19 21:28:32.337343,24.39235481656812,69.1895100756318,0
ID_007,2025-12-19 21:33:32.337343,24.394354816568118,69.1900100756318,0
ID_007,2025-12-19 21:38:32.337343,24.396354816568117,69.1905100756318,0
ID_007,2025-12-19 21:43:32.337343,24.398354816568116,69.19101007563181,0
ID_007,2025-12-19 21:48:32.337343,24.400354816568115,69.19151007563181,0
ID_007,2025-12-19 21:53:32.337343,24.402354816568113,69.19201007563181,0
ID_007,2025-12-19 21:58:32.337343,24.404354816568112,69.19251007563182,0
ID_007,2025-12-19 22:03:32.337343,24.40635481656811,69.19301007563182,0
ID_007,2025-12-19 22:08:32.337343,24.40835481656811,69.19351007563182,0
ID_007,2025-12-19 22:13:32.337343,24.41035481656811,69.19401007563182,0
ID_007,2025-12-19 22:18:32.337343,24.412354816568108,69.19451007563183,0
ID_007,2025-12-19 22:23:32.337343,24.414354816568107,69.19501007563183,0
ID_007,2025-12-19 22:28:32.337343,24.416354816568106,69.19551007563183,0
ID_007,2025-12-19 22:33:32.337343,24.418354816568105,69.19601007563183,0
ID_007,2025-12-19 22:38:32.337343,24.420354816568103,69.19651007563183,0
ID_007,2025-12-19 22:43:32.337343,24.422354816568102,69.19701007563184,0
ID_007,2025-12-19 22:48:32.337343,24.4243548165681,69.19751007563184,0
ID_007,2025-12-19 22:53:32.337343,24.4263548165681,69.19801007563184,0
ID_007,2025-12-19 22:58:32.337343,24.4283548165681,69.19851007563184,0
ID_007,2025-12-19 23:03:32.337343,24.430354816568098,69.19901007563185,0
ID_007,2025-12-19 23:08:32.337343,24.432354816568097,69.19951007563185,0
ID_007,2025-12-19 23:13:32.337343,24.434354816568096,69.20001007563185,0
ID_007,2025-12-19 23:18:32.337343,24.436354816568095,69.20051007563185,0
ID_007,2025-12-19 23:23:32.337343,24.438354816568093,69.20101007563186,0
ID_007,2025-12-19 23:28:32.337343,24.440354816568092,69.20151007563186,0
ID_007,2025-12-19 23:33:32.337343,24.44235481656809,69.20201007563186,0
ID_008,2025-12-19 20:18:32.337439,24.55548138098272,69.00854977931017,0
ID_008,2025-12-19 20:23:32.337439,24.55748138098272,69.00904977931017,0
ID_008,2025-12-19 20:28:32.337439,24.559481380982717,69.00954977931018,0
ID_008,2025-12-19 20:33:32.337439,24.561481380982716,69.01004977931018,0
ID_008,2025-12-19 20:38:32.337439,24.563481380982715,69.01054977931018,0
ID_008,2025-12-19 20:43:32.337439,24.565481380982714,69.01104977931018,0
ID_008,2025-12-19 20:48:32.337439,24.567481380982713,69.01154977931019,0
ID_008,2025-12-19 20:53:32.337439,24.56948138098271,69.01204977931019,0
ID_008,2025-12-19 20:58:32.337439,24.57148138098271,69.01254977931019,0
ID_008,2025-12-19 21:03:32.337439,24.57348138098271,69.0130497793102,0
ID_008,2025-12-19 21:08:32.337439,24.57548138098271,69.0135497793102,0
ID_008,2025-12-19 21:13:32.337439,24.577481380982707,69.0140497793102,0
ID_008,2025-12-19 21:18:32.337439,24.579481380982706,69.0145497793102,0
ID_008,2025-12-19 21:23:32.337439,24.581481380982705,69.0150497793102,0
ID_008,2025-12-19 21:28:32.337439,24.583481380982704,69.0155497793102,0
ID_008,2025-12-19 21:33:32.337439,24.585481380982703,69.01604977931021,0
ID_008,2025-12-19 21:38:32.337439,24.5874813809827,69.01654977931021,0
ID_008,2025-12-19 21:43:32.337439,24.5894813809827,69.01704977931021,0
ID_008,2025-12-19 21:48:32.337439,24.5914813809827,69.01754977931022,0
ID_008,2025-12-19 21:53:32.337439,24.5934813809827,69.01804977931022,0
ID_008,2025-12-19 21:58:32.337439,24.595481380982697,69.01854977931022,0
ID_008,2025-12-19 22:03:32.337439,24.597481380982696,69.01904977931022,0
ID_008,2025-12-19 22:08:32.337439,24.599481380982695,69.01954977931022,0
ID_008,2025-12-19 22:13:32.337439,24.601481380982694,69.02004977931023,0
ID_008,2025-12-19 22:18:32.337439,24.603481380982693,69.02054977931023,0
ID_008,2025-12-19 22:23:32.337439,24.60548138098269,69.02104977931023,0
ID_008,2025-12-19 22:28:32.337439,24.60748138098269,69.02154977931023,0
ID_008,2025-12-19 22:33:32.337439,24.60948138098269,69.02204977931024,0
ID_008,2025-12-19 22:38:32.337439,24.61148138098269,69.02254977931024,0
ID_008,2025-12-19 22:43:32.337439,24.613481380982687,69.02304977931024,0
ID_008,2025-12-19 22:48:32.337439,24.615481380982686,69.02354977931024,0
ID_008,2025-12-19 22:53:32.337439,24.617481380982685,69.02404977931025,0
ID_008,2025-12-19 22:58:32.337439,24.619481380982684,69.02454977931025,0
ID_008,2025-12-19 23:03:32.337439,24.621481380982683,69.02504977931025,0
ID_008,2025-12-19 23:08:32.337439,24.623481380982682,69.02554977931025,0
ID_008,2025-12-19 23:13:32.337439,24.62548138098268,69.02604977931026,0
ID_008,2025-12-19 23:18:32.337439,24.62748138098268,69.02654977931026,0
ID_008,2025-12-19 23:23:32.337439,24.62948138098268,69.02704977931026,0
ID_008,2025-12-19 23:28:32.337439,24.631481380982677,69.02754977931026,0
ID_008,2025-12-19 23:33:32.337439,24.633481380982676,69.02804977931027,0
ID_009,2025-12-19 20:18:32.338836,24.29387313349475,69.08700911295695,1
ID_009,2025-12-19 20:23:32.338836,24.290737840626203,69.09640851735564,1
ID_009,2025-12-19 20:28:32.338836,24.288446171984894,69.10024800780683,1
ID_009,2025-12-19 20:33:32.338836,24.28784285820072,69.10106352636242,1
ID_009,2025-12-19 20:38:32.338836,24.290383999305092,69.10267366361408,1
ID_009,2025-12-19 20:43:32.338836,24.288963658764015,69.10220225676527,1
ID_009,2025-12-19 20:48:32.338836,24.288022045818064,69.11062565993986,1
ID_009,2025-12-19 20:53:32.338836,24.283295695908727,69.1185051567484,1
ID_009,2025-12-19 20:58:32.338836,24.278456712052375,69.12762215733196,1
ID_009,2025-12-19 21:03:32.338836,24.273655936089398,69.13377985192852,1
ID_009,2025-12-19 21:08:32.338836,24.276406989480318,69.1392433397787,1
ID_009,2025-12-19 21:13:32.338836,24.279168112453604,69.146200910599,1
ID_009,2025-12-19 21:18:32.338836,24.280406517198482,69.1470859469578,1
ID_009,2025-12-19 21:23:32.338836,24.28370850553335,69.14594210669489,1
ID_009,2025-12-19 21:28:32.338836,24.286899096255567,69.14496418873522,1
ID_009,2025-12-19 21:33:32.338836,24.283037376194425,69.14450932386492,1
ID_009,2025-12-19 21:38:32.338836,24.28031753296313,69.14437186012233,1
ID_009,2025-12-19 21:43:32.338836,24.276927841688945,69.14675093513068,1
ID_009,2025-12-19 21:48:32.338836,24.2731403111527,69.15223839516986,1
ID_009,2025-12-19 21:53:32.338836,24.276063879921676,69.15438528887158,1
ID_009,2025-12-19 21:58:32.338836,24.2717141658096,69.16266038083775,1
ID_009,2025-12-19 22:03:32.338836,24.26757729773738,69.16816318421564,1
ID_009,2025-12-19 22:08:32.338836,24.269538138037007,69.17784062017839,1
ID_009,2025-12-19 22:13:32.338836,24.26963440241549,69.17625792478299,1
ID_009,2025-12-19 22:18:32.338836,24.274597766311803,69.18303790010701,1
ID_009,2025-12-19 22:23:32.338836,24.271464155593556,69.18918952381223,1
ID_009,2025-12-19 22:28:32.338836,24.273986024393274,69.19821719994502,1
ID_009,2025-12-19 22:33:32.338836,24.278605476137496,69.19712938223189,1
ID_009,2025-12-19 22:38:32.338836,24.276033802741004,69.20440390896,1
ID_009,2025-12-19 22:43:32.338836,24.27541960849348,69.20688763847876,1
ID_009,2025-12-19 22:48:32.338836,24.27683059781165,69.20654165485327,1
ID_009,2025-12-19 22:53:32.338836,24.280810114103573,69.20975079787812,1
ID_009,2025-12-19 22:58:32.338836,24.28325026818512,69.21843448914598,1
ID_009,2025-12-19 23:03:32.338836,24.281883482441668,69.22713728412707,1
ID_009,2025-12-19 23:08:32.338836,24.284903899648164,69.23583935473023,1
ID_009,2025-12-19 23:13:32.338836,24.281309662320286,69.24559411021829,1
ID_009,2025-12-19 23:18:32.338836,24.279968517938027,69.24925553670238,1
ID_009,2025-12-19 23:23:32.338836,24.278832242611756,69.24754341921056,1
ID_009,2025-12-19 23:28:32.338836,24.28077920282294,69.25440972944051,1
ID_009,2025-12-19 23:33:32.338836,24.28391690228087,69.25698387899055,1
ID_010,2025-12-19 20:18:32.339271,24.256938176032833,69.20835464122898,1
ID_010,2025-12-19 20:23:32.339271,24.261914875098743,69.21687821107388,1
ID_010,2025-12-19 20:28:32.339271,24.263003719954295,69.22148836864271,1
ID_010,2025-12-19 20:33:32.339271,24.267944972099734,69.22251394199915,1
ID_010,2025-12-19 20:38:32.339271,24.264191215788273,69.23011928854977,1
ID_010,2025-12-19 20:43:32.339271,24.2690933229066,69.23224631445794,1
ID_010,2025-12-19 20:48:32.339271,24.271504491901805,69.23167091458473,1
ID_010,2025-12-19 20:53:32.339271,24.268442412263518,69.24163364510993,1
ID_010,2025-12-19 20:58:32.339271,24.270799326282926,69.24178946801732,1
ID_010,2025-12-19 21:03:32.339271,24.27269890605523,69.24709281917882,1
ID_010,2025-12-19 21:08:32.339271,24.271146965081087,69.2510703444484,1
ID_010,2025-12-19 21:13:32.339271,24.271145106979702,69.25842711790006,1
ID_010,2025-12-19 21:18:32.339271,24.270277856364412,69.26351453014546,1
ID_010,2025-12-19 21:23:32.339271,24.266655771932182,69.26243859115247,1
ID_010,2025-12-19 21:28:32.339271,24.268980513807666,69.26968903815289,1
ID_010,2025-12-19 21:33:32.339271,24.266083169027944,69.27401276108732,1
ID_010,2025-12-19 21:38:32.339271,24.26465257392192,69.2802802560213,1
ID_010,2025-12-19 21:43:32.339271,24.265992029558866,69.28123908451842,1
ID_010,2025-12-19 21:48:32.339271,24.266177913766633,69.28520092156937,1
ID_010,2025-12-19 21:53:32.339271,24.270963560970856,69.29409541520201,1
ID_010,2025-12-19 21:58:32.339271,24.2674425169505,69.30300151242896,1
ID_010,2025-12-19 22:03:32.339271,24.262936793442478,69.3051431673297,1
ID_010,2025-12-19 22:08:32.339271,24.26271001463954,69.31109844129145,1
ID_010,2025-12-19 22:13:32.339271,24.26748302853107,69.31997760733346,1
ID_010,2025-12-19 22:18:32.339271,24.26585298765094,69.32306993070758,1
ID_010,2025-12-19 22:23:32.339271,24.268518330538235,69.33172997638606,1
ID_010,2025-12-19 22:28:32.339271,24.26379844274109,69.32983671784078,1
ID_010,2025-12-19 22:33:32.339271,24.268398484702868,69.33339808671845,1
ID_010,2025-12-19 22:38:32.339271,24.271092840744934,69.33951521208263,1
ID_010,2025-12-19 22:43:32.339271,24.274268428865795,69.34205602163969,1
ID_010,2025-12-19 22:48:32.339271,24.274001388947035,69.34487315520617,1
ID_010,2025-12-19 22:53:32.339271,24.27101998677824,69.34759883802069,1
ID_010,2025-12-19 22:58:32.339271,24.266296873745596,69.35567969695943,1
ID_010,2025-12-19 23:03:32.339271,24.263270683481363,69.36202083888892,1
ID_010,2025-12-19 23:08:32.339271,24.25910444923356,69.36189998541668,1
ID_010,2025-12-19 23:13:32.339271,24.259334291499798,69.3667035287097,1
ID_010,2025-12-19 23:18:32.339271,24.259056626926213,69.36574201611018,1
ID_010,2025-12-19 23:23:32.339271,24.26211938492595,69.37308534811261,1
ID_010,2025-12-19 23:28:32.339271,24.262061044578534,69.37630685535548,1
ID_010,2025-12-19 23:33:32.339271,24.257447729651247,69.37815573332672,1
ID_011,2025-12-19 20:18:32.339712,25.77065794283298,69.13937127256966,0
ID_011,2025-12-19 20:23:32.339712,25.77265794283298,69.13987127256966,0
ID_011,2025-12-19 20:28:32.339712,25.774657942832977,69.14037127256967,0
ID_011,2025-12-19 20:33:32.339712,25.776657942832976,69.14087127256967,0
ID_011,2025-12-19 20:38:32.339712,25.778657942832975,69.14137127256967,0
ID_011,2025-12-19 20:43:32.339712,25.780657942832974,69.14187127256967,0
ID_011,2025-12-19 20:48:32.339712,25.782657942832973,69.14237127256968,0
ID_011,2025-12-19 20:53:32.339712,25.784657942832972,69.14287127256968,0
ID_011,2025-12-19 20:58:32.339712,25.78665794283297,69.14337127256968,0
ID_011,2025-12-19 21:03:32.339712,25.78865794283297,69.14387127256968,0
ID_011,2025-12-19 21:08:32.339712,25.79065794283297,69.14437127256969,0
ID_011,2025-12-19 21:13:32.339712,25.792657942832967,69.14487127256969,0
ID_011,2025-12-19 21:18:32.339712,25.794657942832966,69.14537127256969,0
ID_011,2025-12-19 21:23:32.339712,25.796657942832965,69.14587127256969,0
ID_011,2025-12-19 21:28:32.339712,25.798657942832964,69.1463712725697,0
ID_011,2025-12-19 21:33:32.339712,25.800657942832963,69.1468712725697,0
ID_011,2025-12-19 21:38:32.339712,25.802657942832962,69.1473712725697,0
ID_011,2025-12-19 21:43:32.339712,25.80465794283296,69.1478712725697,0
ID_011,2025-12-19 21:48:32.339712,25.80665794283296,69.1483712725697,0
ID_011,2025-12-19 21:53:32.339712,25.80865794283296,69.1488712725697,0
ID_011,2025-12-19 21:58:32.339712,25.810657942832957,69.14937127256971,0
ID_011,2025-12-19 22:03:32.339712,25.812657942832956,69.14987127256971,0
ID_011,2025-12-19 22:08:32.339712,25.814657942832955,69.15037127256971,0
ID_011,2025-12-19 22:13:32.339712,25.816657942832954,69.15087127256972,0
ID_011,2025-12-19 22:18:32.339712,25.818657942832953,69.15137127256972,0
ID_011,2025-12-19 22:23:32.339712,25.820657942832952,69.15187127256972,0
ID_011,2025-12-19 22:28:32.339712,25.82265794283295,69.15237127256972,0
ID_011,2025-12-19 22:33:32.339712,25.82465794283295,69.15287127256973,0
ID_011,2025-12-19 22:38:32.339712,25.82665794283295,69.15337127256973,0
ID_011,2025-12-19 22:43:32.339712,25.828657942832947,69.15387127256973,0
ID_011,2025-12-19 22:48:32.339712,25.830657942832946,69.15437127256973,0
ID_011,2025-12-19 22:53:32.339712,25.832657942832945,69.15487127256974,0
ID_011,2025-12-19 22:58:32.339712,25.834657942832944,69.15537127256974,0
ID_011,2025-12-19 23:03:32.339712,25.836657942832943,69.15587127256974,0
ID_011,2025-12-19 23:08:32.339712,25.838657942832942,69.15637127256974,0
ID_011,2025-12-19 23:13:32.339712,25.84065794283294,69.15687127256975,0
ID_011,2025-12-19 23:18:32.339712,25.84265794283294,69.15737127256975,0
ID_011,2025-12-19 23:23:32.339712,25.84465794283294,69.15787127256975,0
ID_011,2025-12-19 23:28:32.339712,25.846657942832937,69.15837127256975,0
ID_011,2025-12-19 23:33:32.339712,25.848657942832936,69.15887127256975,0
ID_012,2025-12-19 20:18:32.339810,25.613055843716747,69.19882204461472,0
ID_012,2025-12-19 20:23:32.339810,25.615055843716746,69.19932204461472,0
ID_012,2025-12-19 20:28:32.339810,25.617055843716745,69.19982204461472,0
ID_012,2025-12-19 20:33:32.339810,25.619055843716744,69.20032204461472,0
ID_012,2025-12-19 20:38:32.339810,25.621055843716743,69.20082204461472,0
ID_012,2025-12-19 20:43:32.339810,25.62305584371674,69.20132204461473,0
ID_012,2025-12-19 20:48:32.339810,25.62505584371674,69.20182204461473,0
ID_012,2025-12-19 20:53:32.339810,25.62705584371674,69.20232204461473,0
ID_012,2025-12-19 20:58:32.339810,25.62905584371674,69.20282204461473,0
ID_012,2025-12-19 21:03:32.339810,25.631055843716737,69.20332204461474,0
ID_012,2025-12-19 21:08:32.339810,25.633055843716736,69.20382204461474,0
ID_012,2025-12-19 21:13:32.339810,25.635055843716735,69.20432204461474,0
ID_012,2025-12-19 21:18:32.339810,25.637055843716734,69.20482204461474,0
ID_012,2025-12-19 21:23:32.339810,25.639055843716733,69.20532204461475,0
ID_012,2025-12-19 21:28:32.339810,25.64105584371673,69.20582204461475,0
ID_012,2025-12-19 21:33:32.339810,25.64305584371673,69.20632204461475,0
ID_012,2025-12-19 21:38:32.339810,25.64505584371673,69.20682204461475,0
ID_012,2025-12-19 21:43:32.339810,25.64705584371673,69.20732204461476,0
ID_012,2025-12-19 21:48:32.339810,25.649055843716727,69.20782204461476,0
ID_012,2025-12-19 21:53:32.339810,25.651055843716726,69.20832204461476,0
ID_012,2025-12-19 21:58:32.339810,25.653055843716725,69.20882204461476,0
ID_012,2025-12-19 22:03:32.339810,25.655055843716724,69.20932204461477,0
ID_012,2025-12-19 22:08:32.339810,25.657055843716723,69.20982204461477,0
ID_012,2025-12-19 22:13:32.339810,25.65905584371672,69.21032204461477,0
ID_012,2025-12-19 22:18:32.339810,25.66105584371672,69.21082204461477,0
ID_012,2025-12-19 22:23:32.339810,25.66305584371672,69.21132204461477,0
ID_012,2025-12-19 22:28:32.339810,25.66505584371672,69.21182204461478,0
ID_012,2025-12-19 22:33:32.339810,25.667055843716717,69.21232204461478,0
ID_012,2025-12-19 22:38:32.339810,25.669055843716716,69.21282204461478,0
ID_012,2025-12-19 22:43:32.339810,25.671055843716715,69.21332204461478,0
ID_012,2025-12-19 22:48:32.339810,25.673055843716714,69.21382204461479,0
ID_012,2025-12-19 22:53:32.339810,25.675055843716713,69.21432204461479,0
ID_012,2025-12-19 22:58:32.339810,25.677055843716712,69.21482204461479,0
ID_012,2025-12-19 23:03:32.339810,25.67905584371671,69.2153220446148,0
ID_012,2025-12-19 23:08:32.339810,25.68105584371671,69.2158220446148,0
ID_012,2025-12-19 23:13:32.339810,25.68305584371671,69.2163220446148,0
ID_012,2025-12-19 23:18:32.339810,25.685055843716707,69.2168220446148,0
ID_012,2025-12-19 23:23:32.339810,25.687055843716706,69.2173220446148,0
ID_012,2025-12-19 23:28:32.339810,25.689055843716705,69.2178220446148,0
ID_012,2025-12-19 23:33:32.339810,25.691055843716704,69.21832204461481,0
ID_013,2025-12-19 20:18:32.339900,24.55449776455311,69.17110757709666,0
ID_013,2025-12-19 20:23:32.339900,24.556497764553107,69.17160757709667,0
ID_013,2025-12-19 20:28:32.339900,24.558497764553106,69.17210757709667,0
ID_013,2025-12-19 20:33:32.339900,24.560497764553105,69.17260757709667,0
ID_013,2025-12-19 20:38:32.339900,24.562497764553104,69.17310757709667,0
ID_013,2025-12-19 20:43:32.339900,24.564497764553103,69.17360757709667,0
ID_013,2025-12-19 20:48:32.339900,24.5664977645531,69.17410757709668,0
ID_013,2025-12-19 20:53:32.339900,24.5684977645531,69.17460757709668,0
ID_013,2025-12-19 20:58:32.339900,24.5704977645531,69.17510757709668,0
ID_013,2025-12-19 21:03:32.339900,24.5724977645531,69.17560757709668,0
ID_013,2025-12-19 21:08:32.339900,24.574497764553097,69.17610757709669,0
ID_013,2025-12-19 21:13:32.339900,24.576497764553096,69.17660757709669,0
ID_013,2025-12-19 21:18:32.339900,24.578497764553095,69.17710757709669,0
ID_013,2025-12-19 21:23:32.339900,24.580497764553094,69.1776075770967,0
ID_013,2025-12-19 21:28:32.339900,24.582497764553093,69.1781075770967,0
ID_013,2025-12-19 21:33:32.339900,24.58449776455309,69.1786075770967,0
ID_013,2025-12-19 21:38:32.339900,24.58649776455309,69.1791075770967,0
ID_013,2025-12-19 21:43:32.339900,24.58849776455309,69.1796075770967,0
ID_013,2025-12-19 21:48:32.339900,24.59049776455309,69.1801075770967,0
ID_013,2025-12-19 21:53:32.339900,24.592497764553087,69.18060757709671,0
ID_013,2025-12-19 21:58:32.339900,24.594497764553086,69.18110757709671,0
ID_013,2025-12-19 22:03:32.339900,24.596497764553085,69.18160757709671,0
ID_013,2025-12-19 22:08:32.339900,24.598497764553084,69.18210757709672,0
ID_013,2025-12-19 22:13:32.339900,24.600497764553083,69.18260757709672,0
ID_013,2025-12-19 22:18:32.339900,24.602497764553082,69.18310757709672,0
ID_013,2025-12-19 22:23:32.339900,24.60449776455308,69.18360757709672,0
ID_013,2025-12-19 22:28:32.339900,24.60649776455308,69.18410757709673,0
ID_013,2025-12-19 22:33:32.339900,24.60849776455308,69.18460757709673,0
ID_013,2025-12-19 22:38:32.339900,24.610497764553077,69.18510757709673,0
ID_013,2025-12-19 22:43:32.339900,24.612497764553076,69.18560757709673,0
ID_013,2025-12-19 22:48:32.339900,24.614497764553075,69.18610757709673,0
ID_013,2025-12-19 22:53:32.339900,24.616497764553074,69.18660757709674,0
ID_013,2025-12-19 22:58:32.339900,24.618497764553073,69.18710757709674,0
ID_013,2025-12-19 23:03:32.339900,24.620497764553072,69.18760757709674,0
ID_013,2025-12-19 23:08:32.339900,24.62249776455307,69.18810757709674,0
ID_013,2025-12-19 23:13:32.339900,24.62449776455307,69.18860757709675,0
ID_013,2025-12-19 23:18:32.339900,24.62649776455307,69.18910757709675,0
ID_013,2025-12-19 23:23:32.339900,24.628497764553067,69.18960757709675,0
ID_013,2025-12-19 23:28:32.339900,24.630497764553066,69.19010757709675,0
ID_013,2025-12-19 23:33:32.339900,24.632497764553065,69.19060757709676,0
ID_014,2025-12-19 20:18:32.340003,24.233169647174286,69.31042701072981,1
ID_014,2025-12-19 20:23:32.340003,24.234932264731032,69.31479307599803,1
ID_014,2025-12-19 20:28:32.340003,24.23603970520169,69.31945273114636,1
ID_014,2025-12-19 20:33:32.340003,24.23183876535767,69.32744580435647,1
ID_014,2025-12-19 20:38:32.340003,24.227670879989507,69.33660884968785,1
ID_014,2025-12-19 20:43:32.340003,24.226210838656822,69.34045172517477,1
ID_014,2025-12-19 20:48:32.340003,24.224862549714366,69.34015847827757,1
ID_014,2025-12-19 20:53:32.340003,24.223285345882847,69.34002078820843,1
ID_014,2025-12-19 20:58:32.340003,24.22593641768764,69.34521560353785,1
ID_014,2025-12-19 21:03:32.340003,24.22818736547055,69.35220583143496,1
ID_014,2025-12-19 21:08:32.340003,24.22603166038706,69.35493913351057,1
ID_014,2025-12-19 21:13:32.340003,24.224186092868507,69.35854840515216,1
ID_014,2025-12-19 21:18:32.340003,24.226419619212813,69.3630519956997,1
ID_014,2025-12-19 21:23:32.340003,24.225214344522776,69.36354671816105,1
ID_014,2025-12-19 21:28:32.340003,24.22676884678309,69.37005160901984,1
ID_014,2025-12-19 21:33:32.340003,24.224150902620867,69.37212840203047,1
ID_014,2025-12-19 21:38:32.340003,24.22138121851034,69.37604475205497,1
ID_014,2025-12-19 21:43:32.340003,24.2196457611974,69.38311895167725,1
ID_014,2025-12-19 21:48:32.340003,24.219172719122916,69.38309659656089,1
ID_014,2025-12-19 21:53:32.340003,24.22162423579306,69.38432046110576,1
ID_014,2025-12-19 21:58:32.340003,24.222467904823862,69.38757121769888,1
ID_014,2025-12-19 22:03:32.340003,24.221578783620068,69.3940240641446,1
ID_014,2025-12-19 22:08:32.340003,24.218607917456705,69.40256861934634,1
ID_014,2025-12-19 22:13:32.340003,24.216116819389494,69.40948068013417,1
ID_014,2025-12-19 22:18:32.340003,24.218539638283406,69.41017720989281,1
ID_014,2025-12-19 22:23:32.340003,24.220950356084593,69.41969859008294,1
ID_014,2025-12-19 22:28:32.340003,24.224885083355755,69.42605435955313,1
ID_014,2025-12-19 22:33:32.340003,24.227134371656156,69.42822337567102,1
ID_014,2025-12-19 22:38:32.340003,24.228801765426006,69.43437601544642,1
ID_014,2025-12-19 22:43:32.340003,24.229924138775935,69.44327800132176,1
ID_014,2025-12-19 22:48:32.340003,24.233149768020514,69.45156638912759,1
ID_014,2025-12-19 22:53:32.340003,24.236817424649775,69.45152657374787,1
ID_014,2025-12-19 22:58:32.340003,24.241624413994472,69.4525364089867,1
ID_014,2025-12-19 23:03:32.340003,24.239127025307276,69.45503797435163,1
ID_014,2025-12-19 23:08:32.340003,24.235770703534154,69.46308007763157,1
ID_014,2025-12-19 23:13:32.340003,24.231075728371,69.46761620185296,1
ID_014,2025-12-19 23:18:32.340003,24.23420009418136,69.47393507073579,1
ID_014,2025-12-19 23:23:32.340003,24.2311277086409,69.47909780806695,1
ID_014,2025-12-19 23:28:32.340003,24.233001031670128,69.48607433873224,1
ID_014,2025-12-19 23:33:32.340003,24.235233413490047,69.48877800490727,1
ID_015,2025-12-19 20:18:32.340993,24.70839690032898,69.18717817850941,0
ID_015,2025-12-19 20:23:32.340993,24.71039690032898,69.18767817850942,0
ID_015,2025-12-19 20:28:32.340993,24.71239690032898,69.18817817850942,0
ID_015,2025-12-19 20:33:32.340993,24.71439690032898,69.18867817850942,0
ID_015,2025-12-19 20:38:32.340993,24.716396900328977,69.18917817850942,0
ID_015,2025-12-19 20:43:32.340993,24.718396900328976,69.18967817850942,0
ID_015,2025-12-19 20:48:32.340993,24.720396900328975,69.19017817850943,0
ID_015,2025-12-19 20:53:32.340993,24.722396900328974,69.19067817850943,0
ID_015,2025-12-19 20:58:32.340993,24.724396900328973,69.19117817850943,0
ID_015,2025-12-19 21:03:32.340993,24.72639690032897,69.19167817850943,0
ID_015,2025-12-19 21:08:32.340993,24.72839690032897,69.19217817850944,0
ID_015,2025-12-19 21:13:32.340993,24.73039690032897,69.19267817850944,0
ID_015,2025-12-19 21:18:32.340993,24.73239690032897,69.19317817850944,0
ID_015,2025-12-19 21:23:32.340993,24.734396900328967,69.19367817850944,0
ID_015,2025-12-19 21:28:32.340993,24.736396900328966,69.19417817850945,0
ID_015,2025-12-19 21:33:32.340993,24.738396900328965,69.19467817850945,0
ID_015,2025-12-19 21:38:32.340993,24.740396900328964,69.19517817850945,0
ID_015,2025-12-19 21:43:32.340993,24.742396900328963,69.19567817850945,0
ID_015,2025-12-19 21:48:32.340993,24.74439690032896,69.19617817850946,0
ID_015,2025-12-19 21:53:32.340993,24.74639690032896,69.19667817850946,0
ID_015,2025-12-19 21:58:32.340993,24.74839690032896,69.19717817850946,0
ID_015,2025-12-19 22:03:32.340993,24.75039690032896,69.19767817850946,0
ID_015,2025-12-19 22:08:32.340993,24.752396900328957,69.19817817850947,0
ID_015,2025-12-19 22:13:32.340993,24.754396900328956,69.19867817850947,0
ID_015,2025-12-19 22:18:32.340993,24.756396900328955,69.19917817850947,0
ID_015,2025-12-19 22:23:32.340993,24.758396900328954,69.19967817850947,0
ID_015,2025-12-19 22:28:32.340993,24.760396900328953,69.20017817850947,0
ID_015,2025-12-19 22:33:32.340993,24.76239690032895,69.20067817850948,0
ID_015,2025-12-19 22:38:32.340993,24.76439690032895,69.20117817850948,0
ID_015,2025-12-19 22:43:32.340993,24.76639690032895,69.20167817850948,0
ID_015,2025-12-19 22:48:32.340993,24.76839690032895,69.20217817850948,0
ID_015,2025-12-19 22:53:32.340993,24.770396900328947,69.20267817850949,0
ID_015,2025-12-19 22:58:32.340993,24.772396900328946,69.20317817850949,0
ID_015,2025-12-19 23:03:32.340993,24.774396900328945,69.20367817850949,0
ID_015,2025-12-19 23:08:32.340993,24.776396900328944,69.2041781785095,0
ID_015,2025-12-19 23:13:32.340993,24.778396900328943,69.2046781785095,0
ID_015,2025-12-19 23:18:32.340993,24.78039690032894,69.2051781785095,0
ID_015,2025-12-19 23:23:32.340993,24.78239690032894,69.2056781785095,0
ID_015,2025-12-19 23:28:32.340993,24.78439690032894,69.2061781785095,0
ID_015,2025-12-19 23:33:32.340993,24.78639690032894,69.2066781785095,0
ID_016,2025-12-19 20:18:32.341332,24.566279576149647,69.25846623765284,1
ID_016,2025-12-19 20:23:32.341332,24.563908846459558,69.25699561806032,1
ID_016,2025-12-19 20:28:32.341332,24.56496209525674,69.25772154841225,1
ID_016,2025-12-19 20:33:32.341332,24.567558409219917,69.26393871784491,1
ID_016,2025-12-19 20:38:32.341332,24.562665279701985,69.26696464372525,1
ID_016,2025-12-19 20:43:32.341332,24.561727915351494,69.27470360769615,1
ID_016,2025-12-19 20:48:32.341332,24.560550256767083,69.28014826421531,1
ID_016,2025-12-19 20:53:32.341332,24.558344404402128,69.28597619342018,1
ID_016,2025-12-19 20:58:32.341332,24.553701668960574,69.28721084101743,1
ID_016,2025-12-19 21:03:32.341332,24.55271372098671,69.29171108006203,1
ID_016,2025-12-19 21:08:32.341332,24.548576800447176,69.29267312490792,1
ID_016,2025-12-19 21:13:32.341332,24.546698212937066,69.29536806185087,1
ID_016,2025-12-19 21:18:32.341332,24.549532045155136,69.2991136897942,1
ID_016,2025-12-19 21:23:32.341332,24.54850286348907,69.30648941369655,1
ID_016,2025-12-19 21:28:32.341332,24.54353184718672,69.31545282850112,1
ID_016,2025-12-19 21:33:32.341332,24.547724132611034,69.3138583420008,1
ID_016,2025-12-19 21:38:32.341332,24.547374751024847,69.31896258007508,1
ID_016,2025-12-19 21:43:32.341332,24.543598916445745,69.31738778469501,1
ID_016,2025-12-19 21:48:32.341332,24.544678501982794,69.31673108708348,1
ID_016,2025-12-19 21:53:32.341332,24.544848555992182,69.32163004184258,1
ID_016,2025-12-19 21:58:32.341332,24.541268368702486,69.32288989111333,1
ID_016,2025-12-19 22:03:32.341332,24.539477660458964,69.32250642153382,1
ID_016,2025-12-19 22:08:32.341332,24.53501772468818,69.32561163774072,1
ID_016,2025-12-19 22:13:32.341332,24.53696740013426,69.32915732340216,1
ID_016,2025-12-19 22:18:32.341332,24.53687130473694,69.32955458051104,1
ID_016,2025-12-19 22:23:32.341332,24.533975665946542,69.32824994747776,1
ID_016,2025-12-19 22:28:32.341332,24.535369432476312,69.32948703860728,1
ID_016,2025-12-19 22:33:32.341332,24.530570246967816,69.32847742738376,1
ID_016,2025-12-19 22:38:32.341332,24.532207322035436,69.33476185672113,1
ID_016,2025-12-19 22:43:32.341332,24.532864525094837,69.33469993718442,1
ID_016,2025-12-19 22:48:32.341332,24.53301353838506,69.33509026579688,1
ID_016,2025-12-19 22:53:32.341332,24.53446943483911,69.33402361628373,1
ID_016,2025-12-19 22:58:32.341332,24.53166442918326,69.33677406809589,1
ID_016,2025-12-19 23:03:32.341332,24.53448302330339,69.34573750621651,1
ID_016,2025-12-19 23:08:32.341332,24.538586959139966,69.35274961391663,1
ID_016,2025-12-19 23:13:32.341332,24.538558776602017,69.3569991467738,1
ID_016,2025-12-19 23:18:32.341332,24.540165013492437,69.36385310347025,1
ID_016,2025-12-19 23:23:32.341332,24.54383749024147,69.36243859589288,1
ID_016,2025-12-19 23:28:32.341332,24.54472324390876,69.36155314943933,1
ID_016,2025-12-19 23:33:32.341332,24.549420546670206,69.36059395807017,1
ID_017,2025-12-19 20:18:32.341999,25.558459936351632,69.4939979863017,0
ID_017,2025-12-19 20:23:32.341999,25.56045993635163,69.4944979863017,0
ID_017,2025-12-19 20:28:32.341999,25.56245993635163,69.4949979863017,0
ID_017,2025-12-19 20:33:32.341999,25.56445993635163,69.4954979863017,0
ID_017,2025-12-19 20:38:32.341999,25.566459936351627,69.4959979863017,0
ID_017,2025-12-19 20:43:32.341999,25.568459936351626,69.4964979863017,0
ID_017,2025-12-19 20:48:32.341999,25.570459936351625,69.49699798630171,0
ID_017,2025-12-19 20:53:32.341999,25.572459936351624,69.49749798630171,0
ID_017,2025-12-19 20:58:32.341999,25.574459936351623,69.49799798630171,0
ID_017,2025-12-19 21:03:32.341999,25.576459936351622,69.49849798630171,0
ID_017,2025-12-19 21:08:32.341999,25.57845993635162,69.49899798630172,0
ID_017,2025-12-19 21:13:32.341999,25.58045993635162,69.49949798630172,0
ID_017,2025-12-19 21:18:32.341999,25.58245993635162,69.49999798630172,0
ID_017,2025-12-19 21:23:32.341999,25.584459936351617,69.50049798630172,0
ID_017,2025-12-19 21:28:32.341999,25.586459936351616,69.50099798630173,0
ID_017,2025-12-19 21:33:32.341999,25.588459936351615,69.50149798630173,0
ID_017,2025-12-19 21:38:32.341999,25.590459936351614,69.50199798630173,0
ID_017,2025-12-19 21:43:32.341999,25.592459936351613,69.50249798630173,0
ID_017,2025-12-19 21:48:32.341999,25.594459936351612,69.50299798630174,0
ID_017,2025-12-19 21:53:32.341999,25.59645993635161,69.50349798630174,0
ID_017,2025-12-19 21:58:32.341999,25.59845993635161,69.50399798630174,0
ID_017,2025-12-19 22:03:32.341999,25.60045993635161,69.50449798630174,0
ID_017,2025-12-19 22:08:32.341999,25.602459936351607,69.50499798630175,0
ID_017,2025-12-19 22:13:32.341999,25.604459936351606,69.50549798630175,0
ID_017,2025-12-19 22:18:32.341999,25.606459936351605,69.50599798630175,0
ID_017,2025-12-19 22:23:32.341999,25.608459936351604,69.50649798630175,0
ID_017,2025-12-19 22:28:32.341999,25.610459936351603,69.50699798630176,0
ID_017,2025-12-19 22:33:32.341999,25.612459936351602,69.50749798630176,0
ID_017,2025-12-19 22:38:32.341999,25.6144599363516,69.50799798630176,0
ID_017,2025-12-19 22:43:32.341999,25.6164599363516,69.50849798630176,0
ID_017,2025-12-19 22:48:32.341999,25.6184599363516,69.50899798630176,0
ID_017,2025-12-19 22:53:32.341999,25.620459936351597,69.50949798630177,0
ID_017,2025-12-19 22:58:32.341999,25.622459936351596,69.50999798630177,0
ID_017,2025-12-19 23:03:32.341999,25.624459936351595,69.51049798630177,0
ID_017,2025-12-19 23:08:32.341999,25.626459936351594,69.51099798630177,0
ID_017,2025-12-19 23:13:32.341999,25.628459936351593,69.51149798630178,0
ID_017,2025-12-19 23:18:32.341999,25.630459936351592,69.51199798630178,0
ID_017,2025-12-19 23:23:32.341999,25.63245993635159,69.51249798630178,0
ID_017,2025-12-19 23:28:32.341999,25.63445993635159,69.51299798630178,0
ID_017,2025-12-19 23:33:32.341999,25.63645993635159,69.51349798630179,0
ID_018,2025-12-19 20:18:32.342061,25.00412462753271,69.07565412333066,0
ID_018,2025-12-19 20:23:32.342061,25.00612462753271,69.07615412333067,0
ID_018,2025-12-19 20:28:32.342061,25.00812462753271,69.07665412333067,0
ID_018,2025-12-19 20:33:32.342061,25.010124627532708,69.07715412333067,0
ID_018,2025-12-19 20:38:32.342061,25.012124627532707,69.07765412333067,0
ID_018,2025-12-19 20:43:32.342061,25.014124627532706,69.07815412333068,0
ID_018,2025-12-19 20:48:32.342061,25.016124627532704,69.07865412333068,0
ID_018,2025-12-19 20:53:32.342061,25.018124627532703,69.07915412333068,0
ID_018,2025-12-19 20:58:32.342061,25.020124627532702,69.07965412333068,0
ID_018,2025-12-19 21:03:32.342061,25.0221246275327,69.08015412333069,0
ID_018,2025-12-19 21:08:32.342061,25.0241246275327,69.08065412333069,0
ID_018,2025-12-19 21:13:32.342061,25.0261246275327,69.08115412333069,0
ID_018,2025-12-19 21:18:32.342061,25.028124627532698,69.0816541233307,0
ID_018,2025-12-19 21:23:32.342061,25.030124627532697,69.0821541233307,0
ID_018,2025-12-19 21:28:32.342061,25.032124627532696,69.0826541233307,0
ID_018,2025-12-19 21:33:32.342061,25.034124627532695,69.0831541233307,0
ID_018,2025-12-19 21:38:32.342061,25.036124627532693,69.0836541233307,0
ID_018,2025-12-19 21:43:32.342061,25.038124627532692,69.0841541233307,0
ID_018,2025-12-19 21:48:32.342061,25.04012462753269,69.08465412333071,0
ID_018,2025-12-19 21:53:32.342061,25.04212462753269,69.08515412333071,0
ID_018,2025-12-19 21:58:32.342061,25.04412462753269,69.08565412333071,0
ID_018,2025-12-19 22:03:32.342061,25.046124627532688,69.08615412333072,0
ID_018,2025-12-19 22:08:32.342061,25.048124627532687,69.08665412333072,0
ID_018,2025-12-19 22:13:32.342061,25.050124627532686,69.08715412333072,0
ID_018,2025-12-19 22:18:32.342061,25.052124627532685,69.08765412333072,0
ID_018,2025-12-19 22:23:32.342061,25.054124627532683,69.08815412333072,0
ID_018,2025-12-19 22:28:32.342061,25.056124627532682,69.08865412333073,0
ID_018,2025-12-19 22:33:32.342061,25.05812462753268,69.08915412333073,0
ID_018,2025-12-19 22:38:32.342061,25.06012462753268,69.08965412333073,0
ID_018,2025-12-19 22:43:32.342061,25.06212462753268,69.09015412333073,0
ID_018,2025-12-19 22:48:32.342061,25.064124627532678,69.09065412333074,0
ID_018,2025-12-19 22:53:32.342061,25.066124627532677,69.09115412333074,0
ID_018,2025-12-19 22:58:32.342061,25.068124627532676,69.09165412333074,0
ID_018,2025-12-19 23:03:32.342061,25.070124627532675,69.09215412333074,0
ID_018,2025-12-19 23:08:32.342061,25.072124627532673,69.09265412333075,0
ID_018,2025-12-19 23:13:32.342061,25.074124627532672,69.09315412333075,0
ID_018,2025-12-19 23:18:32.342061,25.07612462753267,69.09365412333075,0
ID_018,2025-12-19 23:23:32.342061,25.07812462753267,69.09415412333075,0
ID_018,2025-12-19 23:28:32.342061,25.08012462753267,69.09465412333076,0
ID_018,2025-12-19 23:33:32.342061,25.082124627532668,69.09515412333076,0
ID_019,2025-12-19 20:18:32.342183,24.930660911661526,69.49643272192677,0
ID_019,2025-12-19 20:23:32.342183,24.932660911661525,69.49693272192677,0
ID_019,2025-12-19 20:28:32.342183,24.934660911661524,69.49743272192677,0
ID_019,2025-12-19 20:33:32.342183,24.936660911661523,69.49793272192677,0
ID_019,2025-12-19 20:38:32.342183,24.938660911661522,69.49843272192678,0
ID_019,2025-12-19 20:43:32.342183,24.94066091166152,69.49893272192678,0
ID_019,2025-12-19 20:48:32.342183,24.94266091166152,69.49943272192678,0
ID_019,2025-12-19 20:53:32.342183,24.94466091166152,69.49993272192678,0
ID_019,2025-12-19 20:58:32.342183,24.946660911661517,69.50043272192679,0
ID_019,2025-12-19 21:03:32.342183,24.948660911661516,69.50093272192679,0
ID_019,2025-12-19 21:08:32.342183,24.950660911661515,69.50143272192679,0
ID_019,2025-12-19 21:13:32.342183,24.952660911661514,69.50193272192679,0
ID_019,2025-12-19 21:18:32.342183,24.954660911661513,69.5024327219268,0
ID_019,2025-12-19 21:23:32.342183,24.956660911661512,69.5029327219268,0
ID_019,2025-12-19 21:28:32.342183,24.95866091166151,69.5034327219268,0
ID_019,2025-12-19 21:33:32.342183,24.96066091166151,69.5039327219268,0
ID_019,2025-12-19 21:38:32.342183,24.96266091166151,69.5044327219268,0
ID_019,2025-12-19 21:43:32.342183,24.964660911661507,69.5049327219268,0
ID_019,2025-12-19 21:48:32.342183,24.966660911661506,69.50543272192681,0
ID_019,2025-12-19 21:53:32.342183,24.968660911661505,69.50593272192681,0
ID_019,2025-12-19 21:58:32.342183,24.970660911661504,69.50643272192681,0
ID_019,2025-12-19 22:03:32.342183,24.972660911661503,69.50693272192682,0
ID_019,2025-12-19 22:08:32.342183,24.974660911661502,69.50743272192682,0
ID_019,2025-12-19 22:13:32.342183,24.9766609116615,69.50793272192682,0
ID_019,2025-12-19 22:18:32.342183,24.9786609116615,69.50843272192682,0
ID_019,2025-12-19 22:23:32.342183,24.9806609116615,69.50893272192683,0
ID_019,2025-12-19 22:28:32.342183,24.982660911661497,69.50943272192683,0
ID_019,2025-12-19 22:33:32.342183,24.984660911661496,69.50993272192683,0
ID_019,2025-12-19 22:38:32.342183,24.986660911661495,69.51043272192683,0
ID_019,2025-12-19 22:43:32.342183,24.988660911661494,69.51093272192684,0
ID_019,2025-12-19 22:48:32.342183,24.990660911661493,69.51143272192684,0
ID_019,2025-12-19 22:53:32.342183,24.992660911661492,69.51193272192684,0
ID_019,2025-12-19 22:58:32.342183,24.99466091166149,69.51243272192684,0
ID_019,2025-12-19 23:03:32.342183,24.99666091166149,69.51293272192684,0
ID_019,2025-12-19 23:08:32.342183,24.99866091166149,69.51343272192685,0
ID_019,2025-12-19 23:13:32.342183,25.000660911661488,69.51393272192685,0
ID_019,2025-12-19 23:18:32.342183,25.002660911661486,69.51443272192685,0
ID_019,2025-12-19 23:23:32.342183,25.004660911661485,69.51493272192685,0
ID_019,2025-12-19 23:28:32.342183,25.006660911661484,69.51543272192686,0
ID_019,2025-12-19 23:33:32.342183,25.008660911661483,69.51593272192686,0
